<?xml version="1.0" encoding="utf-8" standalone="no" ?>
<placeable type="powerSolarPanel" xmlns:xsi="http://www.w3.org/2001/XMLSchema-instance" xsi:noNamespaceSchemaLocation="../../../../../shared/xml/schema/placeable.xsd">
	<storeData>
		<name>$l10n_shopItem_electricityGernerator01</name>
		<functions>
			<function>$l10n_function_powerGenerator</function>
		</functions>
		<image>store_electricityGenerator01.png</image>
		<price>7800</price>
		<dailyUpkeep>5</dailyUpkeep>
		<lifetime>1000</lifetime>
		<rotation>0</rotation>
		<brand>NONE</brand>
		<species>placeable</species>
		<category>generators</category>
		<brush>
			<type>placeable</type>
			<category>production</category>
			<tab>generators</tab>
		</brush>
		<vertexBufferMemoryUsage>29696</vertexBufferMemoryUsage>
		<indexBufferMemoryUsage>4352</indexBufferMemoryUsage>
		<textureMemoryUsage>1048576</textureMemoryUsage>
		<instanceVertexBufferMemoryUsage>0</instanceVertexBufferMemoryUsage>
		<instanceIndexBufferMemoryUsage>0</instanceIndexBufferMemoryUsage>
		<audioMemoryUsage>0</audioMemoryUsage>
	</storeData>
	<base>
		<filename>electricityGenerator01.i3d</filename>
	</base>
	<placement useRandomYRotation="false" useManualYRotation="true">
		<testAreas>
			<testArea startNode="testArea1Start" endNode="testArea1End"/>
		</testAreas>
		<sounds>
			<place template="smallImp" pitchScale="1.6"/>
		</sounds>
	</placement>
	<clearAreas>
		<clearArea startNode="clearArea1Start" widthNode="clearArea1Width" heightNode="clearArea1Height"/>
	</clearAreas>
	<indoorAreas/>
	<leveling requireLeveling="true" maxSmoothDistance="1" maxSlope="75" maxEdgeAngle="30">
		<levelAreas>
			<levelArea startNode="levelArea1Start" widthNode="levelArea1Width" heightNode="levelArea1Height"/>
		</levelAreas>
	</leveling>
	<tipOcclusionUpdateAreas>
		<tipOcclusionUpdateArea startNode="tipOcclusionUpdateArea1Start" endNode="tipOcclusionUpdateArea1End"/>
	</tipOcclusionUpdateAreas>
	<ai>
		<updateAreas>
			<updateArea startNode="tipOcclusionUpdateArea1Start" endNode="tipOcclusionUpdateArea1End"/>
		</updateAreas>
	</ai>
	<infoTrigger triggerNode="infoTrigger"/>
	<triggerMarkers>
		<triggerMarker node="warningStripes"/>
		<triggerMarker node="TriggerMarkerUnload" filename="$data/shared/assets/marker/markerIcons.xml" id="UNLOAD" adjustToGround="true"/>
		<triggerMarker node="TriggerMarkerLoad" filename="$data/shared/assets/marker/markerIcons.xml" id="LOAD" adjustToGround="true"/>
	</triggerMarkers>
	<incomePerHour>0</incomePerHour>
	<productionPoint>
		<productions>
			<production id="solarpower" name="$l10n_solarpower" cyclesPerHour="15" costsPerActiveHour="0.1">
				<inputs>
					<input fillType="SPAREPARTS" amount="1"/>
				</inputs>
				<outputs>
					<output fillType="ENERGY_UNITS" amount="3"/>
				</outputs>
			</production>
		</productions>
		<storage isExtension="false" fillLevelSyncThreshold="50">
			<capacity fillType="SPAREPARTS" capacity="100000"/>
			<capacity fillType="ENERGY_UNITS" capacity="100000"/>
		</storage>
		<sellingStation node="unloadStation" hideFromPricesMenu="true" allowMissions="false" supportsExtension="false">
			<unloadTrigger exactFillRootNode="unloadTrigger" fillTypes="SPAREPARTS"/>
		</sellingStation>
		<loadingStation node="loadingStation" supportsExtension="false" storageRadius="25">
			<loadTrigger triggerNode="loadingTrigger" fillLitersPerSecond="2000" dischargeNode="dischargeNode" fillTypes="ENERGY_UNITS"/>
		</loadingStation>
		<playerTrigger node="playerTrigger"/>
	</productionPoint>
	<i3dMappings>
		<i3dMapping id="clearArea1Start" node="0>0|0"/>
		<i3dMapping id="clearArea1Width" node="0>0|0|0"/>
		<i3dMapping id="clearArea1Height" node="0>0|0|1"/>
		<i3dMapping id="levelArea1Start" node="0>1|0"/>
		<i3dMapping id="levelArea1Width" node="0>1|0|0"/>
		<i3dMapping id="levelArea1Height" node="0>1|0|1"/>
		<i3dMapping id="testArea1Start" node="0>2|0"/>
		<i3dMapping id="testArea1End" node="0>2|0|0"/>
		<i3dMapping id="tipOcclusionUpdateArea1Start" node="0>3|0"/>
		<i3dMapping id="tipOcclusionUpdateArea1End" node="0>3|0|0"/>
		<i3dMapping id="infoTrigger" node="0>8"/>
		<i3dMapping id="unloadStation" node="0>9"/>
		<i3dMapping id="unloadTrigger" node="0>9|0"/>
		<i3dMapping id="TriggerMarkerUnload" node="0>9|0|0"/>
		<i3dMapping id="loading" node="0>9|1"/>
		<i3dMapping id="loadingTrigger" node="0>9|1|0"/>
		<i3dMapping id="dischargeNode" node="0>9|1|1"/>
		<i3dMapping id="TriggerMarkerLoad" node="0>9|1|2"/>
		<i3dMapping id="playerTrigger" node="0>10|0"/>
		<i3dMapping id="playerTriggerMarker" node="0>10|0|0"/>
		<i3dMapping id="warningStripes" node="0>11"/>
	</i3dMappings>
</placeable>
