﻿<?xml version="1.0" encoding="utf-8" standalone="no" ?>
<modDesc descVersion="67">
	<author>LS-Farmers</author>
	<version>1.0.0.0</version>
	<title>
		<en>Placeable Solar Panels</en>
		<de>Platzierbare Solarkollektoren</de>
		<fr>Placable Panneaux Solaire</fr>
		<ru>Солнечные Панели</ru>
	</title>
	<description>
		<en>
			<![CDATA[test]]></en>
		<de>
			<![CDATA[test]]></de>
	</description>
	<iconFilename>icon_electricityGenerator01.png</iconFilename>
	<multiplayer supported="true"/>
	<placeableTypes>
		<type name="powerSolarPanel" parent="simplePlaceable" className="Placeable" filename="$dataS/scripts/placeables/Placeable.lua">
			<specialization name="productionPoint"/>
			<specialization name="infoTrigger"/>
			<specialization name="solarPanels"/>
			<specialization name="incomePerHour"/>
		</type>
	</placeableTypes>
	<l10n>
		<text name="solarpower">
			<en>Small Solar Panel</en>
			<de>Kleine Solaranlage</de>
		</text>
	</l10n>
	<storeItems>
		<storeItem xmlFilename="electricityGenerator01.xml"/>
	</storeItems>
</modDesc>